<?xml version="1.0" encoding="UTF-8"?>
<project-private xmlns="http://www.netbeans.org/ns/project-private/1">
    <editor-bookmarks xmlns="http://www.netbeans.org/ns/editor-bookmarks/2" lastBookmarkId="0"/>
    <open-files xmlns="http://www.netbeans.org/ns/projectui-open-files/2">
        <group>
            <file>file:/C:/Users/Edison/Documents/NetBeansProjects/ProyectoPrimerParcial/src/proyectoprimerparcial/Usuario.java</file>
            <file>file:/C:/Users/Edison/Documents/NetBeansProjects/ProyectoPrimerParcial/src/proyectoprimerparcial/iot_telemetry_data_new.csv</file>
            <file>file:/C:/Users/Edison/Documents/NetBeansProjects/ProyectoPrimerParcial/src/proyectoprimerparcial/NotificacionesNum.java</file>
            <file>file:/C:/Users/Edison/Documents/NetBeansProjects/ProyectoPrimerParcial/src/proyectoprimerparcial/Notificaciones.java</file>
            <file>file:/C:/Users/Edison/Documents/NetBeansProjects/ProyectoPrimerParcial/src/proyectoprimerparcial/CrearArchivo.java</file>
            <file>file:/C:/Users/Edison/Documents/NetBeansProjects/ProyectoPrimerParcial/src/proyectoprimerparcial/Main.java</file>
            <file>file:/C:/Users/Edison/Documents/NetBeansProjects/ProyectoPrimerParcial/src/proyectoprimerparcial/Sensor.java</file>
        </group>
    </open-files>
</project-private>
